,epitope,protein_seq,protein_name,cleavage_site,prediction
0,CLLFIQSY,"MNSLSIFFIVVATAAVCLLFIQSYSIYENYGNIKEFNATHAAFEYSKSIGGTPALDRRVQ
DVNDTISDVKQKWRCVVYPGNGFVSASIFGFQAEVGPNNTRSIRKFNTMRQCIDFTFSDV
INIDIYNPCIAPNINNTECQFLKSVL",Q8V4U9,IQSYSIY,0.8553518
1,VCLLFIQSY,"MNSLSIFFIVVATAAVCLLFIQSYSIYENYGNIKEFNATHAAFEYSKSIGGTPALDRRVQ
DVNDTISDVKQKWRCVVYPGNGFVSASIFGFQAEVGPNNTRSIRKFNTMRQCIDFTFSDV
INIDIYNPCIAPNINNTECQFLKSVL",Q8V4U9,IQSYSIY,0.8553518
2,AVCLLFIQSY,"MNSLSIFFIVVATAAVCLLFIQSYSIYENYGNIKEFNATHAAFEYSKSIGGTPALDRRVQ
DVNDTISDVKQKWRCVVYPGNGFVSASIFGFQAEVGPNNTRSIRKFNTMRQCIDFTFSDV
INIDIYNPCIAPNINNTECQFLKSVL",Q8V4U9,IQSYSIY,0.8553518
3,AAVCLLFIQSY,"MNSLSIFFIVVATAAVCLLFIQSYSIYENYGNIKEFNATHAAFEYSKSIGGTPALDRRVQ
DVNDTISDVKQKWRCVVYPGNGFVSASIFGFQAEVGPNNTRSIRKFNTMRQCIDFTFSDV
INIDIYNPCIAPNINNTECQFLKSVL",Q8V4U9,IQSYSIY,0.8553518
4,ATHAAFEY,"MNSLSIFFIVVATAAVCLLFIQSYSIYENYGNIKEFNATHAAFEYSKSIGGTPALDRRVQ
DVNDTISDVKQKWRCVVYPGNGFVSASIFGFQAEVGPNNTRSIRKFNTMRQCIDFTFSDV
INIDIYNPCIAPNINNTECQFLKSVL",Q8V4U9,AFEYSKS,0.88614243
5,NATHAAFEY,"MNSLSIFFIVVATAAVCLLFIQSYSIYENYGNIKEFNATHAAFEYSKSIGGTPALDRRVQ
DVNDTISDVKQKWRCVVYPGNGFVSASIFGFQAEVGPNNTRSIRKFNTMRQCIDFTFSDV
INIDIYNPCIAPNINNTECQFLKSVL",Q8V4U9,AFEYSKS,0.88614243
6,FNATHAAFEY,"MNSLSIFFIVVATAAVCLLFIQSYSIYENYGNIKEFNATHAAFEYSKSIGGTPALDRRVQ
DVNDTISDVKQKWRCVVYPGNGFVSASIFGFQAEVGPNNTRSIRKFNTMRQCIDFTFSDV
INIDIYNPCIAPNINNTECQFLKSVL",Q8V4U9,AFEYSKS,0.88614243
7,EFNATHAAFEY,"MNSLSIFFIVVATAAVCLLFIQSYSIYENYGNIKEFNATHAAFEYSKSIGGTPALDRRVQ
DVNDTISDVKQKWRCVVYPGNGFVSASIFGFQAEVGPNNTRSIRKFNTMRQCIDFTFSDV
INIDIYNPCIAPNINNTECQFLKSVL",Q8V4U9,AFEYSKS,0.88614243
8,RQCIDFTF,"MNSLSIFFIVVATAAVCLLFIQSYSIYENYGNIKEFNATHAAFEYSKSIGGTPALDRRVQ
DVNDTISDVKQKWRCVVYPGNGFVSASIFGFQAEVGPNNTRSIRKFNTMRQCIDFTFSDV
INIDIYNPCIAPNINNTECQFLKSVL",Q8V4U9,DFTFSDV,0.7933252
9,MRQCIDFTF,"MNSLSIFFIVVATAAVCLLFIQSYSIYENYGNIKEFNATHAAFEYSKSIGGTPALDRRVQ
DVNDTISDVKQKWRCVVYPGNGFVSASIFGFQAEVGPNNTRSIRKFNTMRQCIDFTFSDV
INIDIYNPCIAPNINNTECQFLKSVL",Q8V4U9,DFTFSDV,0.7933252
10,TMRQCIDFTF,"MNSLSIFFIVVATAAVCLLFIQSYSIYENYGNIKEFNATHAAFEYSKSIGGTPALDRRVQ
DVNDTISDVKQKWRCVVYPGNGFVSASIFGFQAEVGPNNTRSIRKFNTMRQCIDFTFSDV
INIDIYNPCIAPNINNTECQFLKSVL",Q8V4U9,DFTFSDV,0.7933252
11,NTMRQCIDFTF,"MNSLSIFFIVVATAAVCLLFIQSYSIYENYGNIKEFNATHAAFEYSKSIGGTPALDRRVQ
DVNDTISDVKQKWRCVVYPGNGFVSASIFGFQAEVGPNNTRSIRKFNTMRQCIDFTFSDV
INIDIYNPCIAPNINNTECQFLKSVL",Q8V4U9,DFTFSDV,0.7933252
12,PGNGFVSA,"MNSLSIFFIVVATAAVCLLFIQSYSIYENYGNIKEFNATHAAFEYSKSIGGTPALDRRVQ
DVNDTISDVKQKWRCVVYPGNGFVSASIFGFQAEVGPNNTRSIRKFNTMRQCIDFTFSDV
INIDIYNPCIAPNINNTECQFLKSVL",Q8V4U9,FVSASIF,0.6965314
13,YPGNGFVSA,"MNSLSIFFIVVATAAVCLLFIQSYSIYENYGNIKEFNATHAAFEYSKSIGGTPALDRRVQ
DVNDTISDVKQKWRCVVYPGNGFVSASIFGFQAEVGPNNTRSIRKFNTMRQCIDFTFSDV
INIDIYNPCIAPNINNTECQFLKSVL",Q8V4U9,FVSASIF,0.6965314
14,VYPGNGFVSA,"MNSLSIFFIVVATAAVCLLFIQSYSIYENYGNIKEFNATHAAFEYSKSIGGTPALDRRVQ
DVNDTISDVKQKWRCVVYPGNGFVSASIFGFQAEVGPNNTRSIRKFNTMRQCIDFTFSDV
INIDIYNPCIAPNINNTECQFLKSVL",Q8V4U9,FVSASIF,0.6965314
15,VVYPGNGFVSA,"MNSLSIFFIVVATAAVCLLFIQSYSIYENYGNIKEFNATHAAFEYSKSIGGTPALDRRVQ
DVNDTISDVKQKWRCVVYPGNGFVSASIFGFQAEVGPNNTRSIRKFNTMRQCIDFTFSDV
INIDIYNPCIAPNINNTECQFLKSVL",Q8V4U9,FVSASIF,0.6965314
16,NYGNIKEF,"MNSLSIFFIVVATAAVCLLFIQSYSIYENYGNIKEFNATHAAFEYSKSIGGTPALDRRVQ
DVNDTISDVKQKWRCVVYPGNGFVSASIFGFQAEVGPNNTRSIRKFNTMRQCIDFTFSDV
INIDIYNPCIAPNINNTECQFLKSVL",Q8V4U9,IKEFNAT,0.7044582
17,ENYGNIKEF,"MNSLSIFFIVVATAAVCLLFIQSYSIYENYGNIKEFNATHAAFEYSKSIGGTPALDRRVQ
DVNDTISDVKQKWRCVVYPGNGFVSASIFGFQAEVGPNNTRSIRKFNTMRQCIDFTFSDV
INIDIYNPCIAPNINNTECQFLKSVL",Q8V4U9,IKEFNAT,0.7044582
18,YENYGNIKEF,"MNSLSIFFIVVATAAVCLLFIQSYSIYENYGNIKEFNATHAAFEYSKSIGGTPALDRRVQ
DVNDTISDVKQKWRCVVYPGNGFVSASIFGFQAEVGPNNTRSIRKFNTMRQCIDFTFSDV
INIDIYNPCIAPNINNTECQFLKSVL",Q8V4U9,IKEFNAT,0.7044582
19,IYENYGNIKEF,"MNSLSIFFIVVATAAVCLLFIQSYSIYENYGNIKEFNATHAAFEYSKSIGGTPALDRRVQ
DVNDTISDVKQKWRCVVYPGNGFVSASIFGFQAEVGPNNTRSIRKFNTMRQCIDFTFSDV
INIDIYNPCIAPNINNTECQFLKSVL",Q8V4U9,IKEFNAT,0.7044582
20,VQDVNDTI,"MNSLSIFFIVVATAAVCLLFIQSYSIYENYGNIKEFNATHAAFEYSKSIGGTPALDRRVQ
DVNDTISDVKQKWRCVVYPGNGFVSASIFGFQAEVGPNNTRSIRKFNTMRQCIDFTFSDV
INIDIYNPCIAPNINNTECQFLKSVL",Q8V4U9,NDTISDV,0.7503687
21,RVQDVNDTI,"MNSLSIFFIVVATAAVCLLFIQSYSIYENYGNIKEFNATHAAFEYSKSIGGTPALDRRVQ
DVNDTISDVKQKWRCVVYPGNGFVSASIFGFQAEVGPNNTRSIRKFNTMRQCIDFTFSDV
INIDIYNPCIAPNINNTECQFLKSVL",Q8V4U9,NDTISDV,0.7503687
22,RRVQDVNDTI,"MNSLSIFFIVVATAAVCLLFIQSYSIYENYGNIKEFNATHAAFEYSKSIGGTPALDRRVQ
DVNDTISDVKQKWRCVVYPGNGFVSASIFGFQAEVGPNNTRSIRKFNTMRQCIDFTFSDV
INIDIYNPCIAPNINNTECQFLKSVL",Q8V4U9,NDTISDV,0.7503687
23,DRRVQDVNDTI,"MNSLSIFFIVVATAAVCLLFIQSYSIYENYGNIKEFNATHAAFEYSKSIGGTPALDRRVQ
DVNDTISDVKQKWRCVVYPGNGFVSASIFGFQAEVGPNNTRSIRKFNTMRQCIDFTFSDV
INIDIYNPCIAPNINNTECQFLKSVL",Q8V4U9,NDTISDV,0.7503687
