,epitope,uniprot_id,cleavage_site,prediction
0,CLLFIQSY,Q8V4U9,IQSYSIY,0.8553518
1,VCLLFIQSY,Q8V4U9,IQSYSIY,0.8553518
2,AVCLLFIQSY,Q8V4U9,IQSYSIY,0.8553518
3,AAVCLLFIQSY,Q8V4U9,IQSYSIY,0.8553518
4,ATHAAFEY,Q8V4U9,AFEYSKS,0.88614243
5,NATHAAFEY,Q8V4U9,AFEYSKS,0.88614243
6,FNATHAAFEY,Q8V4U9,AFEYSKS,0.88614243
7,EFNATHAAFEY,Q8V4U9,AFEYSKS,0.88614243
8,RQCIDFTF,Q8V4U9,DFTFSDV,0.7933252
9,MRQCIDFTF,Q8V4U9,DFTFSDV,0.7933252
10,TMRQCIDFTF,Q8V4U9,DFTFSDV,0.7933252
11,NTMRQCIDFTF,Q8V4U9,DFTFSDV,0.7933252
12,PGNGFVSA,Q8V4U9,FVSASIF,0.6965314
13,YPGNGFVSA,Q8V4U9,FVSASIF,0.6965314
14,VYPGNGFVSA,Q8V4U9,FVSASIF,0.6965314
15,VVYPGNGFVSA,Q8V4U9,FVSASIF,0.6965314
16,NYGNIKEF,Q8V4U9,IKEFNAT,0.7044582
17,ENYGNIKEF,Q8V4U9,IKEFNAT,0.7044582
18,YENYGNIKEF,Q8V4U9,IKEFNAT,0.7044582
19,IYENYGNIKEF,Q8V4U9,IKEFNAT,0.7044582
20,VQDVNDTI,Q8V4U9,NDTISDV,0.7503687
21,RVQDVNDTI,Q8V4U9,NDTISDV,0.7503687
22,RRVQDVNDTI,Q8V4U9,NDTISDV,0.7503687
23,DRRVQDVNDTI,Q8V4U9,NDTISDV,0.7503687
