,epitope,uniprot_id,cleavage_site,protein_sequence,warnings,prediction
0,CLLFIQSY,Q8V4U9,IQSYSIY,"MNSLSIFFIVVATAAVCLLFIQSYSIYENYGNIKEFNATHAAFEYSKSIGGTPALDRRVQ
DVNDTISDVKQKWRCVVYPGNGFVSASIFGFQAEVGPNNTRSIRKFNTMRQCIDFTFSDV
INIDIYNPCIAPNINNTECQFLKSVL",-,0.34105435
1,VCLLFIQSY,Q8V4U9,IQSYSIY,"MNSLSIFFIVVATAAVCLLFIQSYSIYENYGNIKEFNATHAAFEYSKSIGGTPALDRRVQ
DVNDTISDVKQKWRCVVYPGNGFVSASIFGFQAEVGPNNTRSIRKFNTMRQCIDFTFSDV
INIDIYNPCIAPNINNTECQFLKSVL",-,0.34105435
2,AVCLLFIQSY,Q8V4U9,IQSYSIY,"MNSLSIFFIVVATAAVCLLFIQSYSIYENYGNIKEFNATHAAFEYSKSIGGTPALDRRVQ
DVNDTISDVKQKWRCVVYPGNGFVSASIFGFQAEVGPNNTRSIRKFNTMRQCIDFTFSDV
INIDIYNPCIAPNINNTECQFLKSVL",-,0.34105435
3,AAVCLLFIQSY,Q8V4U9,IQSYSIY,"MNSLSIFFIVVATAAVCLLFIQSYSIYENYGNIKEFNATHAAFEYSKSIGGTPALDRRVQ
DVNDTISDVKQKWRCVVYPGNGFVSASIFGFQAEVGPNNTRSIRKFNTMRQCIDFTFSDV
INIDIYNPCIAPNINNTECQFLKSVL",-,0.34105435
4,ATHAAFEY,Q8V4U9,AFEYSKS,"MNSLSIFFIVVATAAVCLLFIQSYSIYENYGNIKEFNATHAAFEYSKSIGGTPALDRRVQ
DVNDTISDVKQKWRCVVYPGNGFVSASIFGFQAEVGPNNTRSIRKFNTMRQCIDFTFSDV
INIDIYNPCIAPNINNTECQFLKSVL",-,0.3152996
5,NATHAAFEY,Q8V4U9,AFEYSKS,"MNSLSIFFIVVATAAVCLLFIQSYSIYENYGNIKEFNATHAAFEYSKSIGGTPALDRRVQ
DVNDTISDVKQKWRCVVYPGNGFVSASIFGFQAEVGPNNTRSIRKFNTMRQCIDFTFSDV
INIDIYNPCIAPNINNTECQFLKSVL",-,0.3152996
6,FNATHAAFEY,Q8V4U9,AFEYSKS,"MNSLSIFFIVVATAAVCLLFIQSYSIYENYGNIKEFNATHAAFEYSKSIGGTPALDRRVQ
DVNDTISDVKQKWRCVVYPGNGFVSASIFGFQAEVGPNNTRSIRKFNTMRQCIDFTFSDV
INIDIYNPCIAPNINNTECQFLKSVL",-,0.3152996
7,EFNATHAAFEY,Q8V4U9,AFEYSKS,"MNSLSIFFIVVATAAVCLLFIQSYSIYENYGNIKEFNATHAAFEYSKSIGGTPALDRRVQ
DVNDTISDVKQKWRCVVYPGNGFVSASIFGFQAEVGPNNTRSIRKFNTMRQCIDFTFSDV
INIDIYNPCIAPNINNTECQFLKSVL",-,0.3152996
8,RQCIDFTF,Q8V4U9,DFTFSDV,"MNSLSIFFIVVATAAVCLLFIQSYSIYENYGNIKEFNATHAAFEYSKSIGGTPALDRRVQ
DVNDTISDVKQKWRCVVYPGNGFVSASIFGFQAEVGPNNTRSIRKFNTMRQCIDFTFSDV
INIDIYNPCIAPNINNTECQFLKSVL",-,0.4091508
9,MRQCIDFTF,Q8V4U9,DFTFSDV,"MNSLSIFFIVVATAAVCLLFIQSYSIYENYGNIKEFNATHAAFEYSKSIGGTPALDRRVQ
DVNDTISDVKQKWRCVVYPGNGFVSASIFGFQAEVGPNNTRSIRKFNTMRQCIDFTFSDV
INIDIYNPCIAPNINNTECQFLKSVL",-,0.4091508
10,TMRQCIDFTF,Q8V4U9,DFTFSDV,"MNSLSIFFIVVATAAVCLLFIQSYSIYENYGNIKEFNATHAAFEYSKSIGGTPALDRRVQ
DVNDTISDVKQKWRCVVYPGNGFVSASIFGFQAEVGPNNTRSIRKFNTMRQCIDFTFSDV
INIDIYNPCIAPNINNTECQFLKSVL",-,0.4091508
11,NTMRQCIDFTF,Q8V4U9,DFTFSDV,"MNSLSIFFIVVATAAVCLLFIQSYSIYENYGNIKEFNATHAAFEYSKSIGGTPALDRRVQ
DVNDTISDVKQKWRCVVYPGNGFVSASIFGFQAEVGPNNTRSIRKFNTMRQCIDFTFSDV
INIDIYNPCIAPNINNTECQFLKSVL",-,0.4091508
12,PGNGFVSA,Q8V4U9,FVSASIF,"MNSLSIFFIVVATAAVCLLFIQSYSIYENYGNIKEFNATHAAFEYSKSIGGTPALDRRVQ
DVNDTISDVKQKWRCVVYPGNGFVSASIFGFQAEVGPNNTRSIRKFNTMRQCIDFTFSDV
INIDIYNPCIAPNINNTECQFLKSVL",-,0.22237067
13,YPGNGFVSA,Q8V4U9,FVSASIF,"MNSLSIFFIVVATAAVCLLFIQSYSIYENYGNIKEFNATHAAFEYSKSIGGTPALDRRVQ
DVNDTISDVKQKWRCVVYPGNGFVSASIFGFQAEVGPNNTRSIRKFNTMRQCIDFTFSDV
INIDIYNPCIAPNINNTECQFLKSVL",-,0.22237067
14,VYPGNGFVSA,Q8V4U9,FVSASIF,"MNSLSIFFIVVATAAVCLLFIQSYSIYENYGNIKEFNATHAAFEYSKSIGGTPALDRRVQ
DVNDTISDVKQKWRCVVYPGNGFVSASIFGFQAEVGPNNTRSIRKFNTMRQCIDFTFSDV
INIDIYNPCIAPNINNTECQFLKSVL",-,0.22237067
15,VVYPGNGFVSA,Q8V4U9,FVSASIF,"MNSLSIFFIVVATAAVCLLFIQSYSIYENYGNIKEFNATHAAFEYSKSIGGTPALDRRVQ
DVNDTISDVKQKWRCVVYPGNGFVSASIFGFQAEVGPNNTRSIRKFNTMRQCIDFTFSDV
INIDIYNPCIAPNINNTECQFLKSVL",-,0.22237067
16,NYGNIKEF,Q8V4U9,IKEFNAT,"MNSLSIFFIVVATAAVCLLFIQSYSIYENYGNIKEFNATHAAFEYSKSIGGTPALDRRVQ
DVNDTISDVKQKWRCVVYPGNGFVSASIFGFQAEVGPNNTRSIRKFNTMRQCIDFTFSDV
INIDIYNPCIAPNINNTECQFLKSVL",-,0.25954905
17,ENYGNIKEF,Q8V4U9,IKEFNAT,"MNSLSIFFIVVATAAVCLLFIQSYSIYENYGNIKEFNATHAAFEYSKSIGGTPALDRRVQ
DVNDTISDVKQKWRCVVYPGNGFVSASIFGFQAEVGPNNTRSIRKFNTMRQCIDFTFSDV
INIDIYNPCIAPNINNTECQFLKSVL",-,0.25954905
18,YENYGNIKEF,Q8V4U9,IKEFNAT,"MNSLSIFFIVVATAAVCLLFIQSYSIYENYGNIKEFNATHAAFEYSKSIGGTPALDRRVQ
DVNDTISDVKQKWRCVVYPGNGFVSASIFGFQAEVGPNNTRSIRKFNTMRQCIDFTFSDV
INIDIYNPCIAPNINNTECQFLKSVL",-,0.25954905
19,IYENYGNIKEF,Q8V4U9,IKEFNAT,"MNSLSIFFIVVATAAVCLLFIQSYSIYENYGNIKEFNATHAAFEYSKSIGGTPALDRRVQ
DVNDTISDVKQKWRCVVYPGNGFVSASIFGFQAEVGPNNTRSIRKFNTMRQCIDFTFSDV
INIDIYNPCIAPNINNTECQFLKSVL",-,0.25954905
20,VQDVNDTI,Q8V4U9,,"MNSLSIFFIVVATAAVCLLFIQSYSIYENYGNIKEFNATHAAFEYSKSIGGTPALDRRVQ
DVNDTISDVKQKWRCVVYPGNGFVSASIFGFQAEVGPNNTRSIRKFNTMRQCIDFTFSDV
INIDIYNPCIAPNINNTECQFLKSVL",epitope_not_found_in_protein_sequence,
21,RVQDVNDTI,Q8V4U9,,"MNSLSIFFIVVATAAVCLLFIQSYSIYENYGNIKEFNATHAAFEYSKSIGGTPALDRRVQ
DVNDTISDVKQKWRCVVYPGNGFVSASIFGFQAEVGPNNTRSIRKFNTMRQCIDFTFSDV
INIDIYNPCIAPNINNTECQFLKSVL",epitope_not_found_in_protein_sequence,
22,RRVQDVNDTI,Q8V4U9,,"MNSLSIFFIVVATAAVCLLFIQSYSIYENYGNIKEFNATHAAFEYSKSIGGTPALDRRVQ
DVNDTISDVKQKWRCVVYPGNGFVSASIFGFQAEVGPNNTRSIRKFNTMRQCIDFTFSDV
INIDIYNPCIAPNINNTECQFLKSVL",epitope_not_found_in_protein_sequence,
23,DRRVQDVNDTI,Q8V4U9,,"MNSLSIFFIVVATAAVCLLFIQSYSIYENYGNIKEFNATHAAFEYSKSIGGTPALDRRVQ
DVNDTISDVKQKWRCVVYPGNGFVSASIFGFQAEVGPNNTRSIRKFNTMRQCIDFTFSDV
INIDIYNPCIAPNINNTECQFLKSVL",epitope_not_found_in_protein_sequence,
